Name,Website
Accodex Partners,https://www.accodex.com
Appliquette PTY LTD,www.appliquette.com.au
Appvation,https://www.appvation.com
Avinet,https://www.avinet.com.au
Bravura Solutions Ltd,https://bravurasolutions.com
Codium,https://www.codium.com.au
Comunet,www.comunet.com.au
Data Action Pty Ltd,https://www.da.com.au/
Dialog Information Technology,https://www.dialog.com.au
Digital Noir,https://www.digital-noir.com
Eka Software Solutions,https://www.ekaplus.com
Frontier Software,www.frontiersoftware.com/au
Fujitsu Australia Ltd,www.fujitsu.com/au/
Graycorp,www.graycorp.com.au
Intelligent Software Development,www.ailytic.com
Logic Plus,www.logicplus.com.au/
Lumient Pty Ltd,www.lumient.com.au
Mighty Kingdom,www.mightykingdom.com
MindVision,https://www.mindvision.com.au
Mosaic Software Development Pty Ltd,www.mosaicsd.com
nuSoftware,https://www.nusoftware.com
Prophecy International Pty Ltd,www.prophecyinternational.com
Rapid Global Software,https://www.rapidglobal.com
Shivam Technologies Pty Ltd.,www.shivam.com.au
SRA Information Technology,www.sra.com.au
Smartsoft (Australia) Pty Ltd,https://www.smartsoft.com.au
Sydac,https://www.sydac.com
Axios,http://axiosdev.com.au/
Gemxit Pty. Ltd.,http://gemxit.com/
Katalyst Interactive,https://www.katalyst.com.au/
Rockfort Global IT Services,https://www.rockfortglobal.com/
Altera Digital Health,https://au.alterahealth.com/
Comunet,https://comunet.com.au/
Enabled,https://enabled.com.au/
SEO Adelaide,https://quak.com.au/seo-adelaide/
EneeDev,https://eneedev.com.au/
Codium,https://www.codium.com.au/
2excel,https://www.2excel.com.au/
Webcom Systems Pty Ltd,http://www.webcomsystems.com.au/
MindVision,https://www.mindvision.com.au/
Pulse Tech Solutions,https://www.pulsetechsolutions.com.au/
Brainiac Media,https://www.brainiacmedia.net/
TECHNET IT SOLUTIONS PTY LTD,https://technetit.com.au/
360 DEGREES FACILITY SERVICES,https://360degreesfs.com.au/about-us/
AAAK Services Pty Ltd,https://aaakservices.com.au/
AFN Solutions,https://afnsolutions.com/
AG Leader,https://www.agleader.com/
Airspeed,https://www.airspeed.com.au/
ALARP Solutions,https://www.alarpsolutions.com.au/
Anytime Fitness,https://www.anytimefitness.com.au/gyms/au-1597/mawson-lakes-sa-5095/
Art of Logic,https://www.artoflogic.ai/
Asension,https://asension.com/
Australian Integrated Security,https://www.australianintegratedsecurity.com.au/
Australian Refrigeration Council,https://www.arctick.org/
Beneficent Pty Ltd,https://www.beneficent.com.au/
Benestar,https://benestar.com/
Burkert Fluid Control Systems,https://www.burkert.com.au/
CADwalk Global Pty Ltd,https://www.cadwalk.global/
Caffeinated Marketing,https://caffeinatedmarketing.com.au/
Cargo Transport,http://cargotransport.com.au/
CBS Software,https://www.cbssoftware.com.au/
CEA Technologies,https://www.cea.com.au/
Christine Korobacz Solicitors,http://www.korobacz.com/
Codan Limited,https://www.codanradio.com/
Codehaus Pty Ltd,https://codehaus.co/
CRC CARE,https://www.crccare.com/
Creative Feed,https://www.creativefeed.com.au/
Critical Room Solutions Pty Ltd,https://www.criticalroomsolutions.com.au/
Daronmont Technologies,https://www.daronmont.com.au/
DEWC Pty Ltd,https://www.dewc.com.au/
Dingbat Studios Pty Ltd,https://www.dingbatstudios.com.au/
Disability Services: Accommodation Services,https://www.dcsi.sa.gov.au/services/disability-services/
DXC Technology,https://dxc.com/au/en/services
EBL Disability Services,https://www.ebldisabilityservices.org.au/
EFM,https://efm.net.au/
elmTEK,https://elmtek.com.au/
Epic Energy,https://www.epicenergy.com.au/
Equity Flare Pty Ltd,http://www.equityflare.com.au/
Finance Evolutions,https://financeevolutions.com.au/
FIRST SECURITY RESPONSE,https://firstsecurityresponse.com.au/
FREUDENBERG HOME & CLEANING SOLUTIONS,https://www.freudenberg.com/
Friendly and Graceful Care Services,https://friendlyservices.com.au/
Fuchs Lubricants Pty Ltd,https://www.fuchs.com.au/
Gabito Lawyers,http://www.gabitolawyers.com.au/
General Dynamics Land Systems â€“ Australia,https://www.gd.com/
Gerard Scientific,http://gerardscientific.com.au/
Hello Disability Care Pty Ltd,N/A
HUMAN PSYCHOLOGY,https://humanpsychology.com.au/
Icon Graphic Design,https://www.icongraphicdesign.com.au/
iKAD Engineering,http://www.ikad.com.au/
Inner Balance Counselling Practice,http://innerbalancecounselling.com.au/
Institute for Telecommunications Research,http://www.itr.unisa.edu.au/
Integral Power Services Pty Ltd,http://www.integralpower.com.au/
Jarmyn Enterprise Space,https://www.jarmynenterprisespace.com/
Jumbo Vision Pty Ltd,http://www.jumbovision.com
Hyperlink InfoSystem,https://www.hyperlinkinfosystem.com/?utm_source=appdevelopmentcompanies&utm_medium=promotion&utm_campaign=software-developers
Dapper Apps Pty Ltd,http://dapperapps.com.au/?utm_source=appdevelopmentcompanies&utm_medium=promotion&utm_campaign=software-developers
Code Heroes,https://www.codeheroes.com.au/?utm_source=appdevelopmentcompanies&utm_medium=promotion&utm_campaign=software-developers
APD Group,http://www.apdgroup.com/?utm_source=appdevelopmentcompanies&utm_medium=promotion&utm_campaign=software-developers
ustwo studio,https://ustwo.com/?utm_source=appdevelopmentcompanies&utm_medium=promotion&utm_campaign=software-developers
Datawise Consulting,http://www.datawise.com.au/?utm_source=appdevelopmentcompanies&utm_medium=promotion&utm_campaign=software-developers
Enterprise Monkey,http://enterprisemonkey.com.au/?utm_source=appdevelopmentcompanies&utm_medium=promotion&utm_campaign=software-developers
Axios IT Pty Ltd,http://axiosdev.com.au/?utm_source=appdevelopmentcompanies&utm_medium=promotion&utm_campaign=software-developers
Sentia,http://www.sentia.com.au/?utm_source=appdevelopmentcompanies&utm_medium=promotion&utm_campaign=software-developers
4mation Technologies,https://www.4mation.com.au/?utm_source=appdevelopmentcompanies&utm_medium=promotion&utm_campaign=software-developers
